impl,latency_us,mode,variant,heads,batch,seq_len,tokens_s,key_dim,value_dim,state_dtype,note
b10_kda_decode_conv_gated,3.2582399249076843,decode,KDA + conv + gated RMSNorm,16,1,1,306914.1693205214,128,128,float32,"b10 CuTeDSL fully-fused layer step (conv4+SiLU + recurrence + gated RMSNorm in ONE kernel), counterpart of trtllm_kda_fused_decode; decay gate AND output gate z are pre-activated untimed here (TRT activates the raw gates in-kernel)"
b10_kda_decode_conv_gated,3.31712007522583,decode,KDA + conv + gated RMSNorm,16,2,1,602932.650806691,128,128,float32,"b10 CuTeDSL fully-fused layer step (conv4+SiLU + recurrence + gated RMSNorm in ONE kernel), counterpart of trtllm_kda_fused_decode; decay gate AND output gate z are pre-activated untimed here (TRT activates the raw gates in-kernel)"
b10_kda_decode_conv_gated,3.567360043525696,decode,KDA + conv + gated RMSNorm,16,4,1,1121277.3454867532,128,128,float32,"b10 CuTeDSL fully-fused layer step (conv4+SiLU + recurrence + gated RMSNorm in ONE kernel), counterpart of trtllm_kda_fused_decode; decay gate AND output gate z are pre-activated untimed here (TRT activates the raw gates in-kernel)"
b10_kda_decode_conv_gated,3.779839873313904,decode,KDA + conv + gated RMSNorm,16,8,1,2116491.774289409,128,128,float32,"b10 CuTeDSL fully-fused layer step (conv4+SiLU + recurrence + gated RMSNorm in ONE kernel), counterpart of trtllm_kda_fused_decode; decay gate AND output gate z are pre-activated untimed here (TRT activates the raw gates in-kernel)"
b10_kda_decode_conv_gated,5.573760271072388,decode,KDA + conv + gated RMSNorm,16,16,1,2870593.4991570082,128,128,float32,"b10 CuTeDSL fully-fused layer step (conv4+SiLU + recurrence + gated RMSNorm in ONE kernel), counterpart of trtllm_kda_fused_decode; decay gate AND output gate z are pre-activated untimed here (TRT activates the raw gates in-kernel)"
b10_kda_decode_conv_gated,9.879680275917053,decode,KDA + conv + gated RMSNorm,16,32,1,3238971.2122571385,128,128,float32,"b10 CuTeDSL fully-fused layer step (conv4+SiLU + recurrence + gated RMSNorm in ONE kernel), counterpart of trtllm_kda_fused_decode; decay gate AND output gate z are pre-activated untimed here (TRT activates the raw gates in-kernel)"
b10_kda_decode_conv_gated,18.2368004322052,decode,KDA + conv + gated RMSNorm,16,64,1,3509387.528690585,128,128,float32,"b10 CuTeDSL fully-fused layer step (conv4+SiLU + recurrence + gated RMSNorm in ONE kernel), counterpart of trtllm_kda_fused_decode; decay gate AND output gate z are pre-activated untimed here (TRT activates the raw gates in-kernel)"
b10_kda_decode_conv_gated,49.640960693359375,decode,KDA + conv + gated RMSNorm,16,128,1,2578515.7702865116,128,128,float32,"b10 CuTeDSL fully-fused layer step (conv4+SiLU + recurrence + gated RMSNorm in ONE kernel), counterpart of trtllm_kda_fused_decode; decay gate AND output gate z are pre-activated untimed here (TRT activates the raw gates in-kernel)"
b10_kda_decode_conv_gated,94.23871994018555,decode,KDA + conv + gated RMSNorm,16,256,1,2716505.4890652834,128,128,float32,"b10 CuTeDSL fully-fused layer step (conv4+SiLU + recurrence + gated RMSNorm in ONE kernel), counterpart of trtllm_kda_fused_decode; decay gate AND output gate z are pre-activated untimed here (TRT activates the raw gates in-kernel)"
